sample_index,batch_size,inference_time_sec,predicted_class,true_class,correct,exit_id
0,1,0.6482203006744385,9,9,1,
1,1,0.6836259365081787,2,2,1,
2,1,0.7518589496612549,8,8,1,
3,1,0.7889285087585449,6,6,1,
4,1,0.845639705657959,1,1,1,
5,1,0.796445369720459,7,7,1,
6,1,0.7957367897033691,9,1,0,
7,1,0.8719096183776855,5,5,1,
8,1,0.9654486179351807,9,9,1,
9,1,0.895552396774292,0,0,1,
10,1,0.9335246086120605,5,5,1,
11,1,0.9837725162506104,5,3,0,
12,1,0.8504514694213867,1,1,1,
13,1,0.8949732780456543,4,4,1,
14,1,0.9366207122802734,7,7,1,
15,1,0.9497113227844238,6,6,1,
16,1,0.8791120052337646,2,2,1,
17,1,0.8948280811309814,8,0,0,
18,1,0.8985104560852051,5,5,1,
19,1,0.9389691352844238,5,4,0,
20,1,0.9848692417144775,7,7,1,
21,1,0.9494597911834717,9,1,0,
22,1,0.948113203048706,5,5,1,
23,1,0.8795413970947266,6,6,1,
24,1,0.9001719951629639,2,8,0,
25,1,0.9905602931976318,8,8,1,
26,1,0.8926811218261719,2,3,0,
27,1,0.9487922191619873,7,7,1,
28,1,0.9226388931274414,6,6,1,
29,1,1.0440003871917725,8,8,1,
30,1,0.8036267757415771,7,7,1,
31,1,0.9927935600280762,2,4,0,
32,1,0.9016251564025879,0,0,1,
33,1,0.9474697113037109,4,3,0,
34,1,0.9403183460235596,2,2,1,
35,1,0.873288631439209,0,0,1,
36,1,0.8618841171264648,9,9,1,
37,1,1.0333857536315918,5,2,0,
38,1,0.9512226581573486,3,3,1,
39,1,0.9169199466705322,2,2,1,
40,1,0.9975419044494629,1,1,1,
41,1,0.9699935913085938,8,6,0,
42,1,0.9533236026763916,5,2,0,
43,1,0.9689054489135742,5,5,1,
44,1,0.8670780658721924,7,9,0,
45,1,0.9188845157623291,7,7,1,
46,1,1.0523111820220947,5,5,1,
47,1,0.8672358989715576,5,5,1,
48,1,0.9210469722747803,0,0,1,
49,1,0.9441828727722168,1,6,0,
50,1,0.943885087966919,2,2,1,
51,1,0.98642897605896,3,6,0,
52,1,0.9549219608306885,7,7,1,
53,1,1.0330603122711182,1,1,1,
54,1,0.9017319679260254,7,7,1,
55,1,0.9961843490600586,9,9,1,
56,1,0.8924906253814697,3,3,1,
57,1,1.01133131980896,5,3,0,
58,1,0.9628965854644775,5,3,0,
59,1,0.9683935642242432,3,5,0,
60,1,1.0670392513275146,4,4,1,
61,1,0.9458682537078857,7,7,1,
62,1,0.8935797214508057,5,5,1,
63,1,0.9403872489929199,2,2,1,
64,1,0.9428818225860596,0,0,1,
65,1,1.0086214542388916,9,9,1,
66,1,1.0201971530914307,7,7,1,
67,1,0.9488480091094971,3,3,1,
68,1,0.942629337310791,9,1,0,
69,1,0.9473397731781006,8,8,1,
70,1,0.9513709545135498,2,5,0,
71,1,0.946007251739502,5,5,1,
72,1,1.0354416370391846,2,2,1,
73,1,0.9363193511962891,4,4,1,
74,1,0.9009413719177246,6,6,1,
75,1,1.0538420677185059,9,9,1,
76,1,0.882408618927002,6,6,1,
77,1,0.9381875991821289,6,6,1,
78,1,1.0507614612579346,4,4,1,
79,1,0.9026913642883301,1,1,1,
80,1,1.0358855724334717,5,5,1,
81,1,0.953848123550415,8,8,1,
82,1,0.9481356143951416,7,7,1,
83,1,1.0400042533874512,7,7,1,
84,1,0.9970650672912598,4,4,1,
85,1,0.9421381950378418,7,7,1,
86,1,0.9453368186950684,9,1,0,
87,1,0.9620723724365234,0,0,1,
88,1,0.9624660015106201,4,4,1,
89,1,0.9312682151794434,6,6,1,
90,1,0.9772779941558838,9,9,1,
91,1,0.9448254108428955,6,6,1,
92,1,0.9475078582763672,0,0,1,
93,1,1.0191841125488281,9,9,1,
94,1,0.8832805156707764,0,0,1,
95,1,1.0252728462219238,3,3,1,
96,1,0.992218017578125,6,6,1,
97,1,0.9575822353363037,2,2,1,
98,1,1.0164341926574707,6,6,1,
99,1,0.9037129878997803,3,3,1,
100,1,0.9996769428253174,8,8,1,
101,1,0.9696650505065918,9,8,0,
102,1,1.0653927326202393,8,8,1,
103,1,0.9489998817443848,1,1,1,
104,1,1.012986183166504,7,7,1,
105,1,0.9802494049072266,4,4,1,
106,1,1.0064201354980469,0,0,1,
107,1,0.954113245010376,2,2,1,
108,1,1.0377297401428223,1,1,1,
109,1,1.0407536029815674,5,4,0,
110,1,0.9615051746368408,7,7,1,
111,1,0.8585550785064697,5,5,1,
112,1,0.9456291198730469,7,7,1,
113,1,0.9923880100250244,7,1,0,
114,1,1.0455305576324463,7,7,1,
115,1,0.9515295028686523,9,9,1,
116,1,1.0182487964630127,3,3,1,
117,1,0.9696516990661621,5,5,1,
118,1,1.0408382415771484,9,0,0,
119,1,1.037353515625,2,2,1,
120,1,0.8975882530212402,5,5,1,
121,1,0.9885005950927734,9,9,1,
122,1,1.0876076221466064,9,1,0,
123,1,0.9047565460205078,0,0,1,
124,1,1.0823755264282227,4,4,1,
125,1,0.9416422843933105,9,1,0,
126,1,0.9027040004730225,2,2,1,
127,1,1.0413429737091064,9,9,1,
128,1,0.9892139434814453,8,8,1,
129,1,0.9559931755065918,0,0,1,
130,1,1.0705080032348633,7,7,1,
131,1,1.0848712921142578,5,5,1,
132,1,0.9958629608154297,2,2,1,
133,1,0.942023515701294,9,9,1,
134,1,0.9483768939971924,5,5,1,
135,1,1.040254831314087,5,5,1,
136,1,0.9423794746398926,3,3,1,
137,1,0.9756200313568115,2,2,1,
138,1,1.016165018081665,3,3,1,
139,1,0.9494743347167969,0,0,1,
140,1,1.0406832695007324,5,4,0,
141,1,0.9720392227172852,0,0,1,
142,1,0.996342658996582,2,2,1,
143,1,1.0478789806365967,0,0,1,
144,1,0.948643684387207,8,8,1,
145,1,0.9657981395721436,9,9,1,
146,1,0.9543039798736572,2,2,1,
147,1,0.9878103733062744,9,9,1,
148,1,0.9458527565002441,2,2,1,
149,1,1.1273832321166992,9,9,1,
150,1,0.892444372177124,0,0,1,
151,1,0.9507467746734619,9,0,0,
152,1,0.9943790435791016,1,1,1,
153,1,1.0353591442108154,0,0,1,
154,1,0.9399638175964355,7,7,1,
155,1,0.9086718559265137,9,9,1,
156,1,1.0515553951263428,0,8,0,
157,1,0.9956891536712646,5,5,1,
158,1,0.9478356838226318,4,4,1,
159,1,0.9913012981414795,7,7,1,
160,1,0.9423143863677979,0,0,1,
161,1,1.0465729236602783,7,7,1,
162,1,0.9644157886505127,9,0,0,
163,1,1.0500211715698242,8,8,1,
164,1,0.9381921291351318,0,0,1,
165,1,0.9020779132843018,3,3,1,
166,1,1.0527100563049316,9,8,0,
167,1,1.013235330581665,7,7,1,
168,1,0.8950090408325195,9,9,1,
169,1,0.9796090126037598,4,4,1,
170,1,0.942223072052002,4,4,1,
171,1,1.030898094177246,4,3,0,
172,1,1.0782480239868164,2,2,1,
173,1,0.939007043838501,1,1,1,
174,1,1.025503396987915,8,8,1,
175,1,0.8999423980712891,4,4,1,
176,1,1.0353987216949463,1,1,1,
177,1,0.89888596534729,9,1,0,
178,1,1.0778813362121582,2,2,1,
179,1,0.9885349273681641,1,1,1,
180,1,0.9889118671417236,7,7,1,
181,1,0.9378061294555664,5,3,0,
182,1,0.9900031089782715,0,8,0,
183,1,0.9980752468109131,9,9,1,
184,1,0.8979756832122803,6,6,1,
185,1,0.9676072597503662,8,8,1,
186,1,0.9899227619171143,8,8,1,
187,1,1.0222582817077637,5,6,0,
188,1,0.9646584987640381,0,1,0,
189,1,0.9881012439727783,1,1,1,
190,1,1.0344667434692383,9,9,1,
191,1,0.9526731967926025,7,7,1,
192,1,0.9711999893188477,4,4,1,
193,1,1.0818591117858887,7,1,0,
194,1,1.0414676666259766,4,4,1,
195,1,0.9351456165313721,3,3,1,
196,1,0.9605827331542969,7,7,1,
197,1,0.9675502777099609,0,0,1,
198,1,1.10888671875,9,8,0,
199,1,1.0231738090515137,8,8,1,
200,1,0.9437048435211182,1,1,1,
201,1,0.9631965160369873,9,9,1,
202,1,1.015152931213379,7,7,1,
203,1,0.9431955814361572,5,3,0,
204,1,0.9427876472473145,2,2,1,
205,1,0.8969666957855225,7,1,0,
206,1,1.0076959133148193,9,9,1,
207,1,0.9119839668273926,3,3,1,
208,1,0.9352679252624512,9,1,0,
209,1,0.9978680610656738,4,4,1,
210,1,1.0073521137237549,8,3,0,
211,1,1.0579001903533936,2,2,1,
212,1,0.947869062423706,9,9,1,
213,1,0.9702064990997314,7,7,1,
214,1,0.9642667770385742,2,6,0,
215,1,1.0162813663482666,9,0,0,
216,1,0.9487416744232178,3,3,1,
217,1,1.0386278629302979,5,5,1,
218,1,0.9954359531402588,8,8,1,
219,1,0.9919021129608154,0,0,1,
220,1,0.9482300281524658,7,0,0,
221,1,0.9979369640350342,0,0,1,
222,1,0.8828272819519043,7,7,1,
223,1,1.0869877338409424,0,0,1,
224,1,1.0311641693115234,9,9,1,
225,1,1.05401611328125,2,2,1,
226,1,0.9119699001312256,7,7,1,
227,1,1.0259144306182861,9,9,1,
228,1,1.0035254955291748,5,3,0,
229,1,0.9712064266204834,2,2,1,
230,1,0.8973667621612549,4,4,1,
231,1,1.0840349197387695,7,7,1,
232,1,0.9754304885864258,0,0,1,
233,1,0.9695823192596436,4,4,1,
234,1,1.0152373313903809,8,8,1,
235,1,0.9832351207733154,0,0,1,
236,1,0.9719433784484863,6,6,1,
237,1,0.9740715026855469,8,8,1,
238,1,1.0172643661499023,9,9,1,
239,1,1.040733814239502,5,5,1,
240,1,0.9985389709472656,0,0,1,
241,1,0.9826631546020508,7,7,1,
242,1,0.9417321681976318,2,0,0,
243,1,1.0377888679504395,6,6,1,
244,1,1.041041612625122,4,7,0,
245,1,1.0214974880218506,8,8,1,
246,1,0.973135232925415,8,8,1,
247,1,1.0252289772033691,2,2,1,
248,1,0.953991174697876,5,3,0,
249,1,1.0634984970092773,6,6,1,
250,1,0.9951362609863281,3,3,1,
251,1,0.9411661624908447,0,0,1,
252,1,1.0865554809570312,4,4,1,
253,1,1.0378937721252441,0,2,0,
254,1,0.9449925422668457,0,0,1,
255,1,1.0412487983703613,5,2,0,
256,1,0.9807603359222412,5,5,1,
257,1,0.9423117637634277,0,0,1,
258,1,1.0378177165985107,6,2,0,
259,1,0.9696319103240967,1,1,1,
260,1,1.0792193412780762,0,8,0,
261,1,0.9101002216339111,4,4,1,
262,1,1.0679335594177246,1,1,1,
263,1,1.0358521938323975,3,3,1,
264,1,0.9846668243408203,7,7,1,
265,1,0.9456048011779785,9,9,1,
266,1,0.9622838497161865,1,1,1,
267,1,0.9664654731750488,2,2,1,
268,1,1.0438868999481201,8,8,1,
269,1,0.9860610961914062,8,8,1,
270,1,0.9405899047851562,5,5,1,
271,1,0.9590835571289062,2,2,1,
272,1,1.012082815170288,2,2,1,
273,1,0.9492228031158447,6,6,1,
274,1,1.0341694355010986,1,1,1,
275,1,1.0467867851257324,4,3,0,
276,1,1.0069549083709717,9,9,1,
277,1,0.8948001861572266,5,5,1,
278,1,0.9603996276855469,9,9,1,
279,1,0.9717001914978027,6,6,1,
280,1,0.9940853118896484,5,5,1,
281,1,0.9242448806762695,1,1,1,
282,1,1.041602373123169,0,7,0,
283,1,1.0868570804595947,2,2,1,
284,1,0.9386141300201416,7,7,1,
285,1,0.9990770816802979,8,8,1,
286,1,1.0012900829315186,5,3,0,
287,1,1.0155560970306396,0,0,1,
288,1,0.9522609710693359,7,7,1,
289,1,1.0468149185180664,1,1,1,
290,1,1.0178842544555664,6,6,1,
291,1,1.0492682456970215,7,7,1,
292,1,0.9683113098144531,5,4,0,
293,1,0.892632246017456,9,9,1,
294,1,1.028789758682251,6,6,1,
295,1,0.9589815139770508,0,0,1,
296,1,0.9666116237640381,3,6,0,
297,1,1.02492094039917,3,3,1,
298,1,1.0482892990112305,0,0,1,
299,1,0.9448776245117188,2,2,1,
300,1,0.9574661254882812,2,2,1,
301,1,1.0442252159118652,1,1,1,
302,1,0.9452481269836426,4,4,1,
303,1,1.04396653175354,9,9,1,
304,1,1.0092723369598389,5,3,0,
305,1,0.9437422752380371,7,7,1,
306,1,0.9591875076293945,1,1,1,
307,1,1.060373306274414,1,1,1,
308,1,0.9606010913848877,1,1,1,
309,1,0.9233715534210205,7,7,1,
310,1,0.9934468269348145,3,3,1,
311,1,0.9299149513244629,1,1,1,
312,1,1.0551295280456543,8,8,1,
313,1,0.9618730545043945,8,8,1,
314,1,1.034914493560791,9,8,0,
315,1,0.895348310470581,2,3,0,
316,1,1.042604684829712,5,5,1,
317,1,1.0559098720550537,5,5,1,
318,1,1.0169506072998047,0,0,1,
319,1,0.9959850311279297,2,2,1,
320,1,1.0197672843933105,9,9,1,
321,1,1.0565824508666992,4,4,1,
322,1,0.936058759689331,5,5,1,
323,1,0.9441678524017334,9,9,1,
324,1,0.9662215709686279,9,9,1,
325,1,1.0305054187774658,9,8,0,
326,1,0.9920411109924316,2,2,1,
327,1,0.9498953819274902,5,5,1,
328,1,0.9893746376037598,7,0,0,
329,1,1.0346531867980957,3,6,0,
330,1,0.9634783267974854,9,9,1,
331,1,1.0689952373504639,4,4,1,
332,1,0.893021821975708,6,6,1,
333,1,1.0353062152862549,8,8,1,
334,1,0.9120514392852783,9,9,1,
335,1,0.9892435073852539,6,6,1,
336,1,1.0033595561981201,0,8,0,
337,1,1.0396478176116943,4,4,1,
338,1,0.9496347904205322,4,4,1,
339,1,1.0320312976837158,5,5,1,
340,1,0.9777228832244873,6,6,1,
341,1,1.0545246601104736,4,5,0,
342,1,0.9608170986175537,9,9,1,
343,1,1.0264639854431152,2,2,1,
344,1,0.9981842041015625,0,0,1,
345,1,1.077303409576416,7,7,1,
346,1,0.9867215156555176,0,4,0,
347,1,0.9955554008483887,9,1,0,
348,1,0.9773237705230713,2,2,1,
349,1,0.9965469837188721,2,2,1,
350,1,0.9670021533966064,5,4,0,
351,1,1.1064558029174805,9,1,0,
352,1,0.8909976482391357,9,9,1,
353,1,1.0357518196105957,7,7,1,
354,1,0.9823622703552246,2,2,1,
355,1,0.9667282104492188,7,7,1,
356,1,0.9844517707824707,9,9,1,
357,1,1.0279369354248047,0,0,1,
358,1,0.9630134105682373,5,2,0,
359,1,1.1363914012908936,2,4,0,
360,1,0.9767434597015381,4,4,1,
361,1,1.0083897113800049,6,6,1,
362,1,0.8526268005371094,0,0,1,
363,1,1.0191516876220703,0,0,1,
364,1,1.06329345703125,9,9,1,
365,1,0.9672636985778809,9,9,1,
366,1,1.0425801277160645,0,0,1,
367,1,0.8992633819580078,8,8,1,
368,1,1.0348544120788574,0,0,1,
369,1,0.9453561305999756,2,2,1,
370,1,1.037400245666504,9,9,1,
371,1,0.9176945686340332,6,6,1,
372,1,1.0584428310394287,6,6,1,
373,1,0.9435837268829346,2,2,1,
374,1,0.9725944995880127,4,4,1,
375,1,0.9655885696411133,2,2,1,
376,1,0.9746036529541016,2,4,0,
377,1,0.9954121112823486,7,7,1,
378,1,1.0968060493469238,8,8,1,
379,1,0.9560909271240234,9,9,1,
380,1,1.043400764465332,8,1,0,
381,1,0.9508285522460938,6,6,1,
382,1,0.9933669567108154,8,0,0,
383,1,1.054610013961792,1,8,0,
384,1,0.9409337043762207,3,3,1,
385,1,0.9674742221832275,5,2,0,
386,1,1.0259947776794434,5,4,0,
387,1,0.9974374771118164,1,1,1,
388,1,0.9695000648498535,9,9,1,
389,1,1.0523240566253662,8,8,1,
390,1,1.0851140022277832,2,2,1,
391,1,1.012535572052002,2,2,1,
392,1,1.013331413269043,7,7,1,
393,1,1.0454437732696533,5,5,1,
394,1,1.0228123664855957,5,5,1,
395,1,1.052922248840332,5,5,1,
396,1,1.0571057796478271,2,2,1,
397,1,0.9504399299621582,7,7,1,
398,1,0.9669911861419678,0,0,1,
399,1,1.047926902770996,8,8,1,
400,1,0.9521069526672363,9,9,1,
401,1,0.9639105796813965,5,5,1,
402,1,1.053274393081665,2,2,1,
403,1,0.9649624824523926,0,0,1,
404,1,0.9630253314971924,2,2,1,
405,1,0.9678981304168701,2,6,0,
406,1,0.9714455604553223,4,5,0,
407,1,0.9904391765594482,1,1,1,
408,1,1.0310802459716797,8,8,1,
409,1,1.0368297100067139,0,0,1,
410,1,0.9771389961242676,4,4,1,
411,1,1.027082920074463,3,3,1,
412,1,0.9760189056396484,5,5,1,
413,1,1.063107967376709,8,8,1,
414,1,0.9676227569580078,3,3,1,
415,1,1.0512170791625977,8,0,0,
416,1,0.9030394554138184,5,3,0,
417,1,1.0330426692962646,8,8,1,
418,1,1.0474882125854492,8,8,1,
419,1,0.9415512084960938,8,8,1,
420,1,0.9690415859222412,9,9,1,
421,1,0.8996601104736328,3,4,0,
422,1,0.9477114677429199,5,4,0,
423,1,0.9516098499298096,8,8,1,
424,1,1.136061668395996,5,5,1,
425,1,0.9630522727966309,6,6,1,
426,1,1.0347120761871338,6,6,1,
427,1,1.0647447109222412,6,6,1,
428,1,1.058903694152832,6,6,1,
429,1,0.9741067886352539,8,8,1,
430,1,0.9094159603118896,1,1,1,
431,1,1.0405008792877197,9,9,1,
432,1,0.9865398406982422,2,2,1,
433,1,0.9969429969787598,3,3,1,
434,1,0.9446983337402344,0,8,0,
435,1,1.0240819454193115,7,7,1,
436,1,1.0476248264312744,7,7,1,
437,1,0.966665506362915,8,8,1,
438,1,1.0470178127288818,3,3,1,
439,1,1.0026695728302002,9,9,1,
440,1,1.0158066749572754,9,9,1,
441,1,0.9643073081970215,2,2,1,
442,1,1.0482170581817627,9,9,1,
443,1,0.9605350494384766,8,8,1,
444,1,1.045201301574707,4,4,1,
445,1,1.0430138111114502,0,0,1,
446,1,0.9446265697479248,5,3,0,
447,1,0.9542891979217529,0,0,1,
448,1,1.0496163368225098,1,1,1,
449,1,1.0652470588684082,7,7,1,
450,1,0.939551591873169,9,9,1,
451,1,0.9559292793273926,2,2,1,
452,1,1.0478768348693848,0,2,0,
453,1,0.9096622467041016,1,1,1,
454,1,1.0273258686065674,0,2,0,
455,1,1.0333333015441895,6,6,1,
456,1,0.8959040641784668,3,3,1,
457,1,1.0812547206878662,4,4,1,
458,1,0.9990615844726562,5,2,0,
459,1,1.0482006072998047,8,8,1,
460,1,1.0500528812408447,8,8,1,
461,1,0.9449059963226318,8,8,1,
462,1,0.9859108924865723,9,1,0,
463,1,0.9780874252319336,8,8,1,
464,1,1.099961519241333,8,8,1,
465,1,0.9957132339477539,5,3,0,
466,1,0.9792723655700684,1,1,1,
467,1,1.0102694034576416,8,0,0,
468,1,1.0215744972229004,0,4,0,
469,1,1.040478229522705,5,4,0,
470,1,0.9946165084838867,5,3,0,
471,1,1.0195271968841553,7,7,1,
472,1,0.9542660713195801,0,0,1,
473,1,0.9672684669494629,5,3,0,
474,1,1.0240395069122314,5,5,1,
475,1,1.0266532897949219,6,6,1,
476,1,0.9603006839752197,5,5,1,
477,1,0.9787313938140869,9,9,1,
478,1,1.0477163791656494,0,0,1,
479,1,0.9651181697845459,1,1,1,
480,1,0.886375904083252,2,2,1,
481,1,1.140791654586792,7,0,0,
482,1,0.9624991416931152,9,1,0,
483,1,1.0937092304229736,2,2,1,
484,1,0.9982750415802002,0,0,1,
485,1,1.1863796710968018,1,1,1,
486,1,1.0523550510406494,9,9,1,
487,1,1.0194323062896729,8,8,1,
488,1,0.9234485626220703,3,3,1,
489,1,1.015380620956421,0,0,1,
490,1,1.093827247619629,9,9,1,
491,1,0.9465546607971191,9,9,1,
492,1,1.0103342533111572,0,0,1,
493,1,1.0225780010223389,5,5,1,
494,1,0.9553050994873047,8,8,1,
495,1,0.9428391456604004,0,0,1,
496,1,0.8652176856994629,5,5,1,
497,1,1.048978328704834,1,1,1,
498,1,1.04075288772583,9,9,1,
499,1,0.9774177074432373,2,2,1,
500,1,0.9915533065795898,2,2,1,
501,1,1.0453107357025146,4,4,1,
502,1,0.989954948425293,9,9,1,
503,1,1.0176916122436523,5,4,0,
504,1,0.9637877941131592,2,2,1,
505,1,0.9712653160095215,8,8,1,
506,1,0.9635403156280518,0,3,0,
507,1,0.9709539413452148,2,7,0,
508,1,1.0600903034210205,4,4,1,
509,1,0.9694070816040039,7,4,0,
510,1,1.064107894897461,9,9,1,
511,1,0.9895708560943604,8,8,1,
512,1,1.0409655570983887,8,8,1,
513,1,1.035139560699463,0,0,1,
514,1,1.060821533203125,9,9,1,
515,1,0.9397134780883789,4,4,1,
516,1,0.9569439888000488,0,2,0,
517,1,1.0782725811004639,4,4,1,
518,1,1.0457863807678223,8,7,0,
519,1,0.9580421447753906,4,3,0,
520,1,1.018552303314209,5,3,0,
521,1,1.0083906650543213,7,7,1,
522,1,0.959951639175415,3,6,0,
523,1,1.0479068756103516,7,7,1,
524,1,1.0713331699371338,4,4,1,
525,1,0.9961416721343994,0,0,1,
526,1,1.0482568740844727,5,5,1,
527,1,0.9499411582946777,5,5,1,
528,1,1.1192114353179932,6,6,1,
529,1,1.0422325134277344,9,9,1,
530,1,0.9660520553588867,5,5,1,
531,1,0.9720594882965088,1,1,1,
532,1,1.0301034450531006,2,2,1,
533,1,0.9912195205688477,9,9,1,
534,1,1.0544495582580566,3,3,1,
535,1,1.0112779140472412,0,8,0,
536,1,0.8592681884765625,9,8,0,
537,1,1.034231185913086,4,4,1,
538,1,0.9856472015380859,5,3,0,
539,1,1.01939058303833,4,5,0,
540,1,0.9484739303588867,0,3,0,
541,1,1.0041563510894775,9,9,1,
542,1,0.8953933715820312,4,4,1,
543,1,1.0318551063537598,7,7,1,
544,1,1.037703037261963,5,5,1,
545,1,1.0362889766693115,8,8,1,
546,1,1.1175837516784668,4,4,1,
547,1,0.9825794696807861,5,5,1,
548,1,1.033221960067749,3,3,1,
549,1,0.9889731407165527,9,9,1,
550,1,0.9849281311035156,1,1,1,
551,1,1.0803093910217285,9,9,1,
552,1,0.8974547386169434,6,6,1,
553,1,0.9849574565887451,5,3,0,
554,1,0.9921591281890869,2,2,1,
555,1,0.9457316398620605,8,3,0,
556,1,1.0196812152862549,6,6,1,
557,1,1.0182669162750244,7,7,1,
558,1,1.034106969833374,5,5,1,
559,1,0.999457836151123,0,0,1,
560,1,0.9514966011047363,3,6,0,
561,1,0.9867813587188721,9,9,1,
562,1,1.094681978225708,6,6,1,
563,1,0.9889116287231445,7,7,1,
564,1,0.9679601192474365,7,7,1,
565,1,1.0135934352874756,7,7,1,
566,1,0.9978594779968262,5,5,1,
567,1,0.9408848285675049,4,4,1,
568,1,0.9944980144500732,2,2,1,
569,1,0.9731886386871338,8,8,1,
570,1,1.0366268157958984,5,3,0,
571,1,1.0234227180480957,1,1,1,
572,1,0.9934802055358887,5,6,0,
573,1,1.10060453414917,7,4,0,
574,1,0.9761843681335449,8,8,1,
575,1,0.9474658966064453,4,4,1,
576,1,0.9720807075500488,0,0,1,
577,1,1.0832464694976807,7,7,1,
578,1,1.046461582183838,5,5,1,
579,1,0.9839150905609131,8,8,1,
580,1,0.9522535800933838,0,8,0,
581,1,1.004814624786377,1,1,1,
582,1,1.0267295837402344,8,8,1,
583,1,1.0237767696380615,0,6,0,
584,1,0.9876227378845215,0,0,1,
585,1,1.0664100646972656,6,6,1,
586,1,1.00465726852417,9,1,0,
587,1,1.0773372650146484,9,9,1,
588,1,0.9353652000427246,7,6,0,
589,1,1.044093370437622,7,7,1,
590,1,1.0559747219085693,7,7,1,
591,1,1.0235307216644287,8,8,1,
592,1,1.0881495475769043,9,9,1,
593,1,1.0350737571716309,5,5,1,
594,1,0.908411979675293,7,7,1,
595,1,1.0325312614440918,8,8,1,
596,1,0.9743716716766357,6,6,1,
597,1,0.9888880252838135,3,3,1,
598,1,1.0040600299835205,2,8,0,
599,1,0.9415619373321533,9,9,1,
600,1,1.1208741664886475,1,1,1,
601,1,0.8891656398773193,7,2,0,
602,1,0.9756512641906738,8,8,1,
603,1,1.0371835231781006,0,0,1,
604,1,0.9574241638183594,9,9,1,
605,1,1.0375614166259766,5,5,1,
606,1,0.9719154834747314,6,6,1,
607,1,1.1349186897277832,9,9,1,
608,1,1.010876178741455,9,9,1,
609,1,1.008134126663208,0,1,0,
610,1,0.9725961685180664,4,4,1,
611,1,0.9882586002349854,8,8,1,
612,1,1.0324411392211914,9,9,1,
613,1,0.9508600234985352,7,4,0,
614,1,1.0459201335906982,8,8,1,
615,1,1.0532312393188477,9,9,1,
616,1,0.9984409809112549,2,2,1,
617,1,1.0200061798095703,6,6,1,
618,1,1.0467474460601807,3,6,0,
619,1,1.027395486831665,8,8,1,
620,1,0.9885270595550537,7,7,1,
621,1,0.9371953010559082,3,3,1,
622,1,0.9572873115539551,8,8,1,
623,1,1.0406689643859863,5,6,0,
624,1,0.9934775829315186,9,9,1,
625,1,0.9071898460388184,5,3,0,
626,1,1.0448412895202637,5,3,0,
627,1,1.0113754272460938,9,9,1,
628,1,1.013927698135376,6,6,1,
629,1,1.0388882160186768,0,0,1,
630,1,1.0517139434814453,1,1,1,
631,1,0.9360342025756836,5,5,1,
632,1,0.9752631187438965,7,7,1,
633,1,1.0433704853057861,0,0,1,
634,1,1.061953067779541,2,2,1,
635,1,1.008608102798462,2,4,0,
636,1,0.9984605312347412,5,5,1,
637,1,0.9621224403381348,5,6,0,
638,1,1.01572847366333,0,0,1,
639,1,1.0081183910369873,7,7,1,
640,1,1.0832886695861816,5,6,0,
641,1,0.9814577102661133,8,8,1,
642,1,1.0018470287322998,9,9,1,
643,1,1.0099034309387207,2,2,1,
644,1,0.9693973064422607,9,9,1,
645,1,1.0386390686035156,7,7,1,
646,1,0.9977908134460449,9,9,1,
647,1,0.9580581188201904,0,8,0,
648,1,1.0193963050842285,7,7,1,
649,1,1.035980463027954,6,6,1,
650,1,1.000547170639038,4,4,1,
651,1,1.0309081077575684,5,5,1,
652,1,0.9366211891174316,4,4,1,
653,1,1.0043494701385498,5,5,1,
654,1,1.0515761375427246,0,0,1,
655,1,1.0299546718597412,5,3,0,
656,1,1.0434458255767822,2,2,1,
657,1,0.9873566627502441,1,6,0,
658,1,1.0401127338409424,7,7,1,
659,1,0.9871351718902588,6,6,1,
660,1,0.9410374164581299,8,8,1,
661,1,0.9508464336395264,5,3,0,
662,1,1.0705344676971436,6,6,1,
663,1,1.0273425579071045,6,6,1,
664,1,1.0232210159301758,0,0,1,
665,1,0.9408180713653564,4,4,1,
666,1,1.1274669170379639,7,7,1,
667,1,0.9852197170257568,7,4,0,
668,1,0.9662823677062988,5,5,1,
669,1,0.957291841506958,5,5,1,
670,1,1.0035734176635742,8,8,1,
671,1,1.0278205871582031,4,7,0,
672,1,1.108283281326294,5,4,0,
673,1,1.0374317169189453,9,9,1,
674,1,1.0545744895935059,8,8,1,
675,1,1.01808500289917,5,5,1,
676,1,1.0671725273132324,6,6,1,
677,1,0.9502458572387695,7,7,1,
678,1,1.0375041961669922,7,7,1,
679,1,0.9654057025909424,5,3,0,
680,1,1.0017259120941162,8,8,1,
681,1,0.9391574859619141,1,1,1,
682,1,1.0447163581848145,1,1,1,
683,1,0.9797506332397461,5,7,0,
684,1,0.9951155185699463,6,6,1,
685,1,1.039945125579834,6,6,1,
686,1,0.9298486709594727,5,5,1,
687,1,1.0411720275878906,6,6,1,
688,1,1.0480127334594727,0,0,1,
689,1,0.9659397602081299,5,5,1,
690,1,1.0147502422332764,3,1,0,
691,1,1.0330240726470947,5,8,0,
692,1,0.9044551849365234,5,5,1,
693,1,1.023874044418335,2,2,1,
694,1,0.9468300342559814,5,6,0,
695,1,1.0200414657592773,7,7,1,
696,1,1.0849690437316895,0,0,1,
697,1,0.9780867099761963,3,3,1,
698,1,0.9072766304016113,7,7,1,
699,1,1.0392849445343018,3,3,1,
700,1,1.061647891998291,8,8,1,
701,1,1.0383622646331787,6,6,1,
702,1,0.8953516483306885,8,7,0,
703,1,1.0911438465118408,5,4,0,
704,1,1.007800579071045,4,4,1,
705,1,1.1039574146270752,2,2,1,
706,1,1.0393285751342773,7,7,1,
707,1,0.9578731060028076,9,1,0,
708,1,1.0532503128051758,9,9,1,
709,1,1.0588698387145996,4,4,1,
710,1,1.047607660293579,2,2,1,
711,1,1.026552677154541,6,6,1,
712,1,1.0517408847808838,6,6,1,
713,1,0.9634032249450684,2,2,1,
714,1,0.993736743927002,9,9,1,
715,1,1.1036443710327148,3,3,1,
716,1,1.0453367233276367,3,0,0,
717,1,1.0020174980163574,6,2,0,
718,1,0.9501593112945557,4,0,0,
719,1,1.1418092250823975,3,3,1,
720,1,0.9871535301208496,5,5,1,
721,1,0.9868931770324707,6,4,0,
722,1,0.9466457366943359,7,7,1,
723,1,0.9868593215942383,0,0,1,
724,1,1.0520610809326172,5,4,0,
725,1,1.027320146560669,7,7,1,
726,1,1.0486376285552979,2,2,1,
727,1,1.025679588317871,3,3,1,
728,1,0.980766773223877,9,9,1,
729,1,1.0294759273529053,9,9,1,
730,1,1.0573627948760986,1,1,1,
731,1,1.0471906661987305,3,3,1,
732,1,1.0448517799377441,0,0,1,
733,1,0.9416675567626953,9,9,1,
734,1,0.9797377586364746,8,8,1,
735,1,1.0366551876068115,7,7,1,
736,1,0.9615077972412109,9,9,1,
737,1,1.119908094406128,9,9,1,
738,1,0.96767258644104,6,6,1,
739,1,0.945488691329956,7,7,1,
740,1,1.0423262119293213,2,2,1,
741,1,1.0301549434661865,3,5,0,
742,1,0.9509878158569336,9,1,0,
743,1,1.0290493965148926,4,4,1,
744,1,0.9498388767242432,9,9,1,
745,1,0.9451446533203125,1,1,1,
746,1,1.0880959033966064,8,6,0,
747,1,1.038238763809204,3,3,1,
748,1,1.041623592376709,8,8,1,
749,1,1.0347142219543457,0,0,1,
750,1,0.9948000907897949,8,8,1,
751,1,0.9902997016906738,1,8,0,
752,1,0.9607298374176025,5,5,1,
753,1,0.9593994617462158,2,2,1,
754,1,1.0506861209869385,5,5,1,
755,1,1.061206340789795,1,1,1,
756,1,0.995783805847168,3,3,1,
757,1,0.9394974708557129,7,7,1,
758,1,1.079197883605957,6,6,1,
759,1,1.0052459239959717,0,0,1,
760,1,1.0257444381713867,8,8,1,
761,1,0.9184019565582275,4,4,1,
762,1,1.1403918266296387,4,4,1,
763,1,1.0384509563446045,7,7,1,
764,1,1.0410056114196777,5,6,0,
765,1,0.9804582595825195,7,7,1,
766,1,0.9744553565979004,5,3,0,
767,1,1.1068089008331299,4,7,0,
768,1,0.9554626941680908,5,5,1,
769,1,1.0348620414733887,3,6,0,
770,1,1.1124098300933838,3,3,1,
771,1,0.9570310115814209,6,6,1,
772,1,1.0328872203826904,4,4,1,
773,1,0.9857528209686279,6,6,1,
774,1,0.9953470230102539,5,5,1,
775,1,1.0235466957092285,5,5,1,
776,1,0.9484927654266357,7,7,1,
777,1,1.0408415794372559,1,1,1,
778,1,0.9775233268737793,8,0,0,
779,1,1.1150965690612793,2,2,1,
780,1,0.9565165042877197,5,3,0,
781,1,0.9783487319946289,8,8,1,
782,1,1.052283525466919,2,0,0,
783,1,0.9425575733184814,1,1,1,
784,1,1.0073769092559814,9,9,1,
785,1,1.013352632522583,4,4,1,
786,1,1.0628209114074707,7,7,1,
787,1,0.943659782409668,4,3,0,
788,1,1.1188116073608398,0,4,0,
789,1,0.968113899230957,6,6,1,
790,1,1.0286102294921875,9,0,0,
791,1,0.9939172267913818,9,1,0,
792,1,0.9461078643798828,3,3,1,
793,1,1.1248443126678467,2,2,1,
794,1,0.9755914211273193,8,8,1,
795,1,1.0397562980651855,2,2,1,
796,1,1.0923266410827637,2,2,1,
797,1,1.0041732788085938,2,2,1,
798,1,0.9751741886138916,7,7,1,
799,1,1.0775907039642334,0,1,0,
800,1,1.0039303302764893,1,1,1,
801,1,0.9842755794525146,4,4,1,
802,1,0.9921815395355225,0,0,1,
803,1,0.92753005027771,9,1,0,
804,1,1.0068697929382324,5,5,1,
805,1,1.104536533355713,7,7,1,
806,1,1.0480632781982422,2,2,1,
807,1,1.0483999252319336,7,7,1,
808,1,0.9759342670440674,5,5,1,
809,1,0.9823188781738281,4,7,0,
810,1,0.9229226112365723,0,0,1,
811,1,1.0485787391662598,4,4,1,
812,1,1.1011414527893066,8,8,1,
813,1,0.9559319019317627,5,5,1,
814,1,1.0367381572723389,8,8,1,
815,1,0.9507801532745361,1,1,1,
816,1,1.1067531108856201,8,0,0,
817,1,1.0342202186584473,7,7,1,
818,1,1.0533981323242188,4,2,0,
819,1,0.932258129119873,3,2,0,
820,1,1.0488977432250977,6,4,0,
821,1,1.0301527976989746,2,2,1,
822,1,1.027872085571289,5,5,1,
823,1,1.0572855472564697,0,0,1,
824,1,1.0264503955841064,2,2,1,
825,1,0.9852564334869385,5,6,0,
826,1,1.0403025150299072,4,4,1,
827,1,1.0534965991973877,6,6,1,
828,1,0.9483704566955566,7,7,1,
829,1,1.033595323562622,5,3,0,
830,1,1.1057252883911133,6,6,1,
831,1,1.0059895515441895,9,9,1,
832,1,0.8751261234283447,6,6,1,
833,1,1.022108554840088,7,7,1,
834,1,1.0500564575195312,3,3,1,
835,1,1.0358850955963135,0,0,1,
836,1,1.0672085285186768,2,2,1,
837,1,1.0403664112091064,6,6,1,
838,1,0.9833934307098389,2,2,1,
839,1,1.0236525535583496,1,1,1,
840,1,1.0467815399169922,5,5,1,
841,1,1.0401716232299805,0,0,1,
842,1,0.9955947399139404,2,2,1,
843,1,0.9645359516143799,5,5,1,
844,1,0.9683518409729004,5,5,1,
845,1,1.120211124420166,9,0,0,
846,1,1.0545713901519775,2,2,1,
847,1,1.0092909336090088,1,9,0,
848,1,0.9945924282073975,1,1,1,
849,1,0.9783306121826172,9,9,1,
850,1,1.107271432876587,5,4,0,
851,1,0.95290207862854,8,1,0,
852,1,0.9610195159912109,5,5,1,
853,1,1.044123649597168,0,0,1,
854,1,0.95989990234375,2,2,1,
855,1,1.2070038318634033,5,5,1,
856,1,0.9010946750640869,7,5,0,
857,1,1.0250985622406006,7,7,1,
858,1,0.99782395362854,8,4,0,
859,1,0.9437534809112549,1,1,1,
860,1,0.9741299152374268,2,0,0,
861,1,1.0441997051239014,7,7,1,
862,1,1.053225040435791,6,6,1,
863,1,1.0515422821044922,5,5,1,
864,1,1.0164973735809326,9,0,0,
865,1,0.9951601028442383,6,6,1,
866,1,1.055849552154541,3,3,1,
867,1,0.9593632221221924,5,5,1,
868,1,1.1357717514038086,6,6,1,
869,1,1.050886631011963,4,4,1,
870,1,0.9202582836151123,7,7,1,
871,1,1.082747220993042,5,5,1,
872,1,1.028576374053955,2,3,0,
873,1,0.9475281238555908,9,9,1,
874,1,1.0899860858917236,5,3,0,
875,1,0.9852986335754395,2,2,1,
876,1,1.040680170059204,3,3,1,
877,1,0.952749490737915,5,4,0,
878,1,1.0235512256622314,6,6,1,
879,1,0.945120096206665,8,8,1,
880,1,1.047358512878418,3,3,1,
881,1,1.0371179580688477,2,2,1,
882,1,0.9911630153656006,7,7,1,
883,1,1.0385746955871582,3,3,1,
884,1,0.9527153968811035,2,2,1,
885,1,1.000030755996704,5,5,1,
886,1,1.14005708694458,0,0,1,
887,1,0.9574971199035645,0,2,0,
888,1,0.9704477787017822,7,7,1,
889,1,1.0098671913146973,5,5,1,
890,1,1.002875566482544,6,6,1,
891,1,0.9503669738769531,2,2,1,
892,1,1.0593655109405518,9,9,1,
893,1,0.9541258811950684,0,1,0,
894,1,1.0252325534820557,4,7,0,
895,1,0.9465234279632568,9,1,0,
896,1,1.04105806350708,6,6,1,
897,1,1.0424127578735352,3,3,1,
898,1,1.0485596656799316,6,6,1,
899,1,0.9551656246185303,3,3,1,
900,1,0.9905009269714355,6,6,1,
901,1,1.0319931507110596,4,4,1,
902,1,0.9467480182647705,9,0,0,
903,1,1.032395601272583,3,3,1,
904,1,1.0479435920715332,6,6,1,
905,1,1.0382795333862305,5,5,1,
906,1,1.0421710014343262,8,8,1,
907,1,1.0763776302337646,8,8,1,
908,1,1.0014901161193848,9,0,0,
909,1,0.9391047954559326,7,7,1,
910,1,0.9752426147460938,0,8,0,
911,1,0.9506583213806152,4,4,1,
912,1,1.0536589622497559,9,0,0,
913,1,0.9787862300872803,4,4,1,
914,1,1.0003993511199951,1,1,1,
915,1,0.9868474006652832,2,2,1,
916,1,1.0272550582885742,4,4,1,
917,1,1.0343108177185059,5,2,0,
918,1,1.1342992782592773,9,9,1,
919,1,0.8924994468688965,5,5,1,
920,1,0.9900534152984619,2,2,1,
921,1,0.9348101615905762,5,6,0,
922,1,1.1195008754730225,5,5,1,
923,1,0.9470586776733398,5,5,1,
924,1,1.0567872524261475,8,1,0,
925,1,0.9579389095306396,4,3,0,
926,1,0.969785213470459,4,4,1,
927,1,1.0421533584594727,7,7,1,
928,1,1.0557312965393066,9,8,0,
929,1,0.9810466766357422,3,0,0,
930,1,0.9768342971801758,2,2,1,
931,1,0.9516844749450684,6,4,0,
932,1,1.0917072296142578,8,8,1,
933,1,1.0160253047943115,5,6,0,
934,1,0.9699850082397461,6,6,1,
935,1,0.9822616577148438,9,9,1,
936,1,0.9512073993682861,8,8,1,
937,1,1.0782434940338135,3,3,1,
938,1,1.0270111560821533,0,0,1,
939,1,0.973858118057251,2,2,1,
940,1,1.13291597366333,0,8,0,
941,1,1.0047674179077148,6,6,1,
942,1,1.0255491733551025,1,1,1,
943,1,1.0484874248504639,8,8,1,
944,1,1.0330173969268799,7,7,1,
945,1,1.0819416046142578,8,8,1,
946,1,0.9920601844787598,1,1,1,
947,1,0.9612529277801514,9,1,0,
948,1,1.1061737537384033,7,4,0,
949,1,1.0757994651794434,4,4,1,
950,1,1.0497016906738281,4,4,1,
951,1,0.9831597805023193,7,7,1,
952,1,1.060187578201294,2,6,0,
953,1,1.057856798171997,2,2,1,
954,1,1.0097136497497559,9,9,1,
955,1,0.9850757122039795,1,1,1,
956,1,0.9940650463104248,7,7,1,
957,1,1.0725083351135254,0,8,0,
958,1,1.0307116508483887,5,5,1,
959,1,0.9517168998718262,4,4,1,
960,1,1.0424737930297852,1,1,1,
961,1,1.0606205463409424,6,6,1,
962,1,1.0850450992584229,3,3,1,
963,1,1.0431492328643799,6,6,1,
964,1,1.0309603214263916,5,5,1,
965,1,0.9560048580169678,3,5,0,
966,1,1.0769743919372559,9,1,0,
967,1,1.0291476249694824,2,2,1,
968,1,1.0449879169464111,7,9,0,
969,1,0.9520649909973145,6,6,1,
970,1,1.094836950302124,5,5,1,
971,1,0.9768326282501221,3,3,1,
972,1,1.0440762042999268,0,0,1,
973,1,0.9879579544067383,3,3,1,
974,1,1.1203398704528809,2,2,1,
975,1,0.9629104137420654,2,7,0,
976,1,1.046832799911499,5,7,0,
977,1,0.9613614082336426,7,7,1,
978,1,0.9643216133117676,9,1,0,
979,1,1.0388710498809814,6,6,1,
980,1,1.0469605922698975,9,9,1,
981,1,0.9578604698181152,6,6,1,
982,1,1.0271189212799072,2,2,1,
983,1,0.9420421123504639,1,1,1,
984,1,1.1271228790283203,0,0,1,
985,1,0.9907004833221436,2,2,1,
986,1,0.9982092380523682,8,1,0,
987,1,0.98502516746521,1,1,1,
988,1,1.0949451923370361,8,8,1,
989,1,0.9874317646026611,0,0,1,
990,1,1.0027427673339844,3,3,1,
991,1,1.0322673320770264,6,6,1,
992,1,1.0416064262390137,0,0,1,
993,1,0.9544916152954102,5,3,0,
994,1,1.0641615390777588,6,2,0,
995,1,1.0150396823883057,6,6,1,
996,1,1.0353288650512695,0,0,1,
997,1,1.0801079273223877,0,8,0,
998,1,0.9846467971801758,7,7,1,
999,1,0.9920961856842041,6,6,1,
1000,1,1.0033962726593018,8,0,0,
1001,1,0.9465250968933105,8,8,1,
1002,1,1.0482463836669922,1,1,1,
1003,1,1.1198606491088867,8,8,1,
1004,1,0.977954626083374,1,1,1,
1005,1,1.0446937084197998,8,8,1,
1006,1,0.9651198387145996,5,6,0,
1007,1,1.061518669128418,7,7,1,
1008,1,1.0240647792816162,0,0,1,
1009,1,0.9472024440765381,3,3,1,
1010,1,1.0651001930236816,0,0,1,
1011,1,1.0142083168029785,9,9,1,
1012,1,0.9543890953063965,9,1,0,
1013,1,0.9859213829040527,7,7,1,
1014,1,1.088902473449707,7,5,0,
1015,1,0.8938558101654053,0,0,1,
1016,1,1.0891926288604736,5,5,1,
1017,1,1.0327627658843994,2,2,1,
1018,1,0.9543709754943848,0,0,1,
1019,1,1.0437250137329102,6,6,1,
1020,1,1.0218100547790527,5,5,1,
1021,1,0.9113726615905762,1,1,1,
1022,1,1.0411272048950195,3,3,1,
1023,1,1.0937676429748535,6,6,1,
1024,1,0.9460487365722656,3,3,1,
1025,1,1.019348382949829,5,3,0,
1026,1,1.006420373916626,0,0,1,
1027,1,1.0932908058166504,5,5,1,
1028,1,0.9889624118804932,2,2,1,
1029,1,0.9472329616546631,2,3,0,
1030,1,0.9625022411346436,6,6,1,
1031,1,1.0639533996582031,6,6,1,
1032,1,0.9517996311187744,5,5,1,
1033,1,1.0032167434692383,2,2,1,
1034,1,1.061629295349121,6,6,1,
1035,1,1.0146784782409668,8,8,1,
1036,1,0.9819626808166504,8,8,1,
1037,1,1.0568711757659912,2,2,1,
1038,1,0.9429738521575928,5,5,1,
1039,1,1.167795181274414,9,1,0,
1040,1,0.9512290954589844,2,2,1,
1041,1,1.0328786373138428,3,3,1,
1042,1,1.0425136089324951,7,7,1,
1043,1,0.9691519737243652,0,0,1,
1044,1,0.9485619068145752,6,6,1,
1045,1,1.0808227062225342,2,2,1,
1046,1,1.0409014225006104,4,4,1,
1047,1,1.002981185913086,8,8,1,
1048,1,0.9769010543823242,9,9,1,
1049,1,1.0302727222442627,7,7,1,
1050,1,0.960559606552124,5,4,0,
1051,1,1.0410947799682617,4,4,1,
1052,1,1.046658992767334,4,4,1,
1053,1,1.0441887378692627,9,9,1,
1054,1,0.9728488922119141,3,3,1,
1055,1,1.0341596603393555,5,2,0,
1056,1,0.9585957527160645,0,0,1,
1057,1,1.037376880645752,2,2,1,
1058,1,1.1521966457366943,3,3,1,
1059,1,1.0611703395843506,8,8,1,
1060,1,1.0669434070587158,7,7,1,
1061,1,0.9604787826538086,0,3,0,
1062,1,1.0388803482055664,8,8,1,
1063,1,1.0941333770751953,9,9,1,
1064,1,0.9678537845611572,2,2,1,
1065,1,1.1209716796875,6,6,1,
1066,1,0.9818439483642578,9,9,1,
1067,1,1.0033016204833984,5,6,0,
1068,1,1.0240814685821533,2,2,1,
1069,1,1.0578880310058594,4,4,1,
1070,1,0.9946143627166748,7,7,1,
1071,1,1.0841388702392578,6,6,1,
1072,1,1.085594654083252,8,8,1,
1073,1,0.9776606559753418,5,5,1,
1074,1,0.9932093620300293,0,0,1,
1075,1,1.0412235260009766,2,2,1,
1076,1,1.0239317417144775,1,1,1,
1077,1,1.0464160442352295,6,6,1,
1078,1,1.0448317527770996,1,1,1,
1079,1,0.985485315322876,6,6,1,
1080,1,1.0480809211730957,8,6,0,
1081,1,0.9891481399536133,8,8,1,
1082,1,1.042612075805664,5,5,1,
1083,1,1.0575766563415527,2,2,1,
1084,1,0.960228443145752,3,3,1,
1085,1,0.9605646133422852,5,5,1,
1086,1,1.0535967350006104,6,6,1,
1087,1,1.0429797172546387,6,6,1,
1088,1,0.9642722606658936,7,5,0,
1089,1,1.0388245582580566,0,0,1,
1090,1,0.9561276435852051,4,4,1,
1091,1,1.0357780456542969,9,5,0,
1092,1,0.9936378002166748,0,0,1,
1093,1,1.09159517288208,1,1,1,
1094,1,1.113032341003418,8,7,0,
1095,1,0.9997191429138184,4,7,0,
1096,1,0.994394063949585,8,8,1,
1097,1,1.0368449687957764,0,0,1,
1098,1,1.0027213096618652,0,0,1,
1099,1,1.1214618682861328,1,1,1,
1100,1,1.0501060485839844,0,8,0,
1101,1,1.0493154525756836,0,0,1,
1102,1,1.0417165756225586,7,7,1,
1103,1,1.0339648723602295,3,5,0,
1104,1,0.9291143417358398,3,3,1,
1105,1,0.9141266345977783,9,9,1,
1106,1,1.0689120292663574,1,1,1,
1107,1,1.0393717288970947,5,6,0,
1108,1,1.051668643951416,0,0,1,
1109,1,0.9577257633209229,5,9,0,
1110,1,1.0839567184448242,9,9,1,
1111,1,0.9395098686218262,0,0,1,
1112,1,1.0288457870483398,6,6,1,
1113,1,0.9091763496398926,9,9,1,
1114,1,1.0369839668273926,2,2,1,
1115,1,0.9901900291442871,6,6,1,
1116,1,1.0393121242523193,5,5,1,
1117,1,0.9548287391662598,0,8,0,
1118,1,1.048105001449585,3,3,1,
1119,1,1.051435947418213,0,0,1,
1120,1,0.9560208320617676,9,1,0,
1121,1,1.076744556427002,6,6,1,
1122,1,1.0349791049957275,8,8,1,
1123,1,0.9604628086090088,4,3,0,
1124,1,1.072758674621582,7,7,1,
1125,1,1.0311920642852783,4,4,1,
1126,1,1.0435612201690674,2,5,0,
1127,1,1.0269408226013184,0,0,1,
1128,1,1.0793473720550537,7,7,1,
1129,1,0.9337613582611084,8,8,1,
1130,1,1.078498125076294,0,0,1,
1131,1,1.1247756481170654,1,1,1,
1132,1,1.0158398151397705,9,8,0,
1133,1,1.0518486499786377,4,4,1,
1134,1,1.053196907043457,9,9,1,
1135,1,1.0416104793548584,4,4,1,
1136,1,0.9824044704437256,4,4,1,
1137,1,1.0362162590026855,5,5,1,
1138,1,1.0188658237457275,0,0,1,
1139,1,1.085291862487793,6,6,1,
1140,1,1.0272157192230225,3,3,1,
1141,1,0.9917900562286377,5,7,0,
1142,1,0.998624324798584,5,5,1,
1143,1,1.0325212478637695,9,9,1,
1144,1,1.0538206100463867,8,8,1,
1145,1,1.0331265926361084,7,7,1,
1146,1,0.9175751209259033,4,4,1,
1147,1,1.009981393814087,8,8,1,
1148,1,1.0019750595092773,8,8,1,
1149,1,0.9887869358062744,8,2,0,
1150,1,1.0292022228240967,6,6,1,
1151,1,1.0400359630584717,9,9,1,
1152,1,0.9996559619903564,6,6,1,
1153,1,0.9934813976287842,9,9,1,
1154,1,1.090527057647705,3,3,1,
1155,1,0.9937901496887207,5,5,1,
1156,1,1.0408570766448975,4,4,1,
1157,1,0.9808719158172607,6,3,0,
1158,1,0.9687972068786621,8,8,1,
1159,1,0.9609565734863281,4,4,1,
1160,1,1.045386791229248,8,8,1,
1161,1,0.9835872650146484,9,9,1,
1162,1,1.044754981994629,3,3,1,
1163,1,0.9913902282714844,7,6,0,
1164,1,1.045457363128662,7,7,1,
1165,1,1.036616563796997,0,3,0,
1166,1,1.1333279609680176,5,5,1,
1167,1,1.0312931537628174,0,8,0,
1168,1,1.0549538135528564,2,2,1,
1169,1,1.0480375289916992,1,1,1,
1170,1,0.9596140384674072,0,0,1,
1171,1,1.0128400325775146,7,4,0,
1172,1,1.0349318981170654,8,8,1,
1173,1,0.9994866847991943,7,7,1,
1174,1,0.9869644641876221,7,7,1,
1175,1,0.9867000579833984,7,7,1,
1176,1,1.0934765338897705,9,9,1,
1177,1,1.065084457397461,5,5,1,
1178,1,0.9691555500030518,5,5,1,
1179,1,1.02535080909729,3,3,1,
1180,1,1.0569076538085938,0,0,1,
1181,1,0.9464340209960938,9,9,1,
1182,1,0.9679954051971436,2,2,1,
1183,1,1.0040462017059326,8,8,1,
1184,1,1.0487730503082275,0,0,1,
1185,1,0.9716930389404297,6,6,1,
1186,1,1.0678248405456543,9,9,1,
1187,1,1.1061737537384033,9,9,1,
1188,1,0.902402400970459,3,3,1,
1189,1,1.0835342407226562,0,6,0,
1190,1,1.037402629852295,0,5,0,
1191,1,0.938570499420166,8,0,0,
1192,1,1.1539628505706787,2,2,1,
1193,1,1.0613703727722168,0,0,1,
1194,1,1.083559513092041,5,5,1,
1195,1,1.0057005882263184,1,1,1,
1196,1,1.0626792907714844,8,8,1,
1197,1,0.9655818939208984,2,2,1,
1198,1,1.0276315212249756,7,7,1,
1199,1,1.00504469871521,2,2,1,
1200,1,1.0158603191375732,1,1,1,
1201,1,1.0191166400909424,2,3,0,
1202,1,0.9985308647155762,0,0,1,
1203,1,1.0422792434692383,6,6,1,
1204,1,1.1368300914764404,8,1,0,
1205,1,0.963148832321167,6,2,0,
1206,1,0.9787392616271973,9,1,0,
1207,1,1.0465176105499268,6,6,1,
1208,1,1.0579049587249756,9,3,0,
1209,1,0.9611303806304932,4,4,1,
1210,1,1.0799942016601562,3,3,1,
1211,1,0.9866325855255127,6,6,1,
1212,1,1.0294346809387207,5,5,1,
1213,1,1.0380868911743164,9,9,1,
1214,1,1.0760676860809326,6,6,1,
1215,1,0.9485900402069092,5,3,0,
1216,1,0.9729387760162354,0,0,1,
1217,1,1.0759196281433105,2,2,1,
1218,1,1.0023865699768066,0,0,1,
1219,1,1.0372185707092285,1,1,1,
1220,1,1.0034105777740479,5,3,0,
1221,1,0.9727892875671387,5,5,1,
1222,1,0.9653310775756836,9,1,0,
1223,1,1.0306107997894287,2,4,0,
1224,1,1.0541844367980957,0,0,1,
1225,1,1.0376851558685303,9,1,0,
1226,1,0.9643385410308838,5,3,0,
1227,1,0.9630229473114014,1,1,1,
1228,1,1.0908253192901611,0,1,0,
1229,1,1.104264497756958,9,9,1,
1230,1,1.0161890983581543,7,7,1,
1231,1,0.9356789588928223,5,6,0,
1232,1,1.0138113498687744,2,2,1,
1233,1,0.9611122608184814,8,8,1,
1234,1,1.0878827571868896,1,1,1,
1235,1,1.038194179534912,4,4,1,
1236,1,1.044191598892212,8,0,0,
1237,1,0.9545724391937256,1,1,1,
1238,1,1.1076292991638184,0,0,1,
1239,1,0.9887793064117432,7,7,1,
1240,1,0.9905502796173096,7,7,1,
1241,1,0.9404489994049072,0,0,1,
1242,1,1.0591747760772705,5,5,1,
1243,1,1.106415033340454,9,9,1,
1244,1,0.9942982196807861,6,4,0,
1245,1,1.0376982688903809,8,8,1,
1246,1,0.9357395172119141,1,1,1,
1247,1,0.9796042442321777,3,3,1,
1248,1,0.9622018337249756,4,4,1,
1249,1,1.0626943111419678,7,4,0,
1250,1,1.0421979427337646,8,8,1,
1251,1,1.0547468662261963,5,5,1,
1252,1,0.87937331199646,2,2,1,
1253,1,1.1129224300384521,7,7,1,
1254,1,0.9917042255401611,5,5,1,
1255,1,1.025594711303711,8,8,1,
1256,1,1.1247963905334473,1,1,1,
1257,1,1.0711255073547363,6,4,0,
1258,1,1.0461781024932861,9,9,1,
1259,1,0.9543197154998779,2,2,1,
1260,1,1.0260858535766602,1,1,1,
1261,1,0.9815065860748291,4,3,0,
1262,1,1.0387489795684814,4,4,1,
1263,1,1.0366613864898682,4,4,1,
1264,1,1.0782184600830078,7,4,0,
1265,1,0.8983774185180664,5,5,1,
1266,1,1.0167663097381592,1,1,1,
1267,1,0.9649064540863037,7,7,1,
1268,1,0.9611847400665283,3,3,1,
1269,1,1.0469863414764404,5,5,1,
1270,1,1.0365393161773682,6,6,1,
1271,1,1.030595064163208,2,2,1,
1272,1,0.9763834476470947,3,6,0,
1273,1,1.041391372680664,5,3,0,
1274,1,0.968731164932251,9,9,1,
1275,1,1.096543312072754,5,5,1,
1276,1,1.0836279392242432,9,9,1,
1277,1,1.037015676498413,6,6,1,
1278,1,0.9932591915130615,5,4,0,
1279,1,0.986624002456665,1,1,1,
1280,1,1.0171024799346924,3,3,1,
1281,1,1.0080056190490723,2,2,1,
1282,1,0.9495007991790771,9,1,0,
1283,1,1.0076403617858887,5,3,0,
1284,1,1.0413694381713867,5,2,0,
1285,1,0.9537622928619385,0,0,1,
1286,1,1.0017421245574951,9,9,1,
1287,1,1.0326142311096191,1,1,1,
1288,1,1.0335428714752197,5,5,1,
1289,1,1.08433198928833,4,4,1,
1290,1,0.9493238925933838,4,4,1,
1291,1,1.0020816326141357,9,0,0,
1292,1,1.25645112991333,0,0,1,
1293,1,0.9394936561584473,5,6,0,
1294,1,0.9679760932922363,2,2,1,
1295,1,1.0684595108032227,3,3,1,
1296,1,1.1061828136444092,0,8,0,
1297,1,0.9670789241790771,9,9,1,
1298,1,1.088390588760376,5,2,0,
1299,1,1.016683578491211,9,1,0,
1300,1,1.1089632511138916,8,8,1,
1301,1,1.008190393447876,7,7,1,
1302,1,1.0651562213897705,1,1,1,
1303,1,0.9581830501556396,5,5,1,
1304,1,1.0451149940490723,7,7,1,
1305,1,1.0971765518188477,8,8,1,
1306,1,0.9672548770904541,4,0,0,
1307,1,1.000737190246582,9,1,0,
1308,1,1.0059216022491455,7,7,1,
1309,1,0.9961051940917969,5,4,0,
1310,1,1.1421394348144531,6,6,1,
1311,1,0.9435586929321289,7,7,1,
1312,1,1.0647399425506592,4,4,1,
1313,1,0.96883225440979,5,5,1,
1314,1,1.0394792556762695,2,2,1,
1315,1,1.0849647521972656,8,8,1,
1316,1,0.9996743202209473,5,5,1,
1317,1,0.9994206428527832,7,7,1,
1318,1,1.1267354488372803,8,8,1,
1319,1,0.9517316818237305,1,1,1,
1320,1,1.0534946918487549,9,9,1,
1321,1,1.035926342010498,7,7,1,
1322,1,0.9596970081329346,7,7,1,
1323,1,1.106039047241211,1,1,1,
1324,1,1.0041098594665527,1,1,1,
1325,1,1.0210845470428467,6,6,1,
1326,1,0.9008865356445312,9,9,1,
1327,1,1.03560209274292,7,7,1,
1328,1,1.0659642219543457,7,3,0,
1329,1,1.0407414436340332,3,3,1,
1330,1,0.9992518424987793,4,4,1,
1331,1,1.0821068286895752,2,3,0,
1332,1,0.9025373458862305,7,7,1,
1333,1,0.9996953010559082,3,3,1,
1334,1,0.962111234664917,2,2,1,
1335,1,1.0544731616973877,1,1,1,
1336,1,1.082792043685913,6,3,0,
1337,1,1.0302536487579346,9,9,1,
1338,1,1.0536866188049316,5,5,1,
1339,1,1.0534000396728516,9,1,0,
1340,1,1.016160488128662,3,3,1,
1341,1,0.9906799793243408,8,6,0,
1342,1,1.0282740592956543,7,7,1,
1343,1,1.0666897296905518,8,8,1,
1344,1,1.009486436843872,5,5,1,
1345,1,0.9394431114196777,5,5,1,
1346,1,0.9631824493408203,1,1,1,
1347,1,1.136559009552002,2,2,1,
1348,1,1.0570948123931885,0,0,1,
1349,1,1.0434110164642334,0,0,1,
1350,1,0.8951683044433594,8,0,0,
1351,1,1.0627243518829346,7,7,1,
1352,1,1.0141823291778564,9,9,1,
1353,1,1.0452663898468018,4,4,1,
1354,1,0.9419796466827393,1,8,0,
1355,1,0.950249433517456,5,4,0,
1356,1,1.0331900119781494,4,4,1,
1357,1,1.0060207843780518,0,1,0,
1358,1,1.0663278102874756,6,6,1,
1359,1,1.0396978855133057,7,4,0,
1360,1,0.9375505447387695,2,2,1,
1361,1,0.9794399738311768,8,8,1,
1362,1,1.0383272171020508,3,3,1,
1363,1,1.0429491996765137,9,9,1,
1364,1,0.9763820171356201,5,5,1,
1365,1,1.0229182243347168,5,2,0,
1366,1,1.1251068115234375,2,2,1,
1367,1,0.9802343845367432,5,5,1,
1368,1,0.9591615200042725,1,1,1,
1369,1,1.002917766571045,3,3,1,
1370,1,0.9857974052429199,4,4,1,
1371,1,1.0938324928283691,3,6,0,
1372,1,0.9642479419708252,5,3,0,
1373,1,1.0398426055908203,1,1,1,
1374,1,1.049255609512329,4,4,1,
1375,1,1.047861099243164,7,5,0,
1376,1,0.9655275344848633,0,0,1,
1377,1,1.042726993560791,5,3,0,
1378,1,1.0606489181518555,0,0,1,
1379,1,1.1109747886657715,1,1,1,
1380,1,1.001220941543579,6,6,1,
1381,1,0.9459755420684814,7,7,1,
1382,1,1.0880746841430664,0,0,1,
1383,1,0.977935791015625,1,1,1,
1384,1,0.9552767276763916,2,2,1,
1385,1,1.0317583084106445,3,3,1,
1386,1,1.0619370937347412,4,3,0,
1387,1,0.9650866985321045,9,9,1,
1388,1,0.9693424701690674,9,9,1,
1389,1,1.0360729694366455,4,4,1,
1390,1,1.0481126308441162,0,0,1,
1391,1,0.9741179943084717,5,5,1,
1392,1,1.02052640914917,1,1,1,
1393,1,1.0485289096832275,7,7,1,
1394,1,1.0585713386535645,4,4,1,
1395,1,0.966259241104126,4,4,1,
1396,1,0.9888522624969482,6,6,1,
1397,1,1.0871849060058594,0,0,1,
1398,1,0.9064052104949951,7,7,1,
1399,1,1.120539903640747,0,0,1,
1400,1,0.89501953125,1,1,1,
1401,1,1.1703135967254639,7,7,1,
1402,1,0.9455835819244385,7,7,1,
1403,1,1.1231334209442139,5,5,1,
1404,1,0.9582827091217041,9,9,1,
1405,1,0.9609196186065674,7,7,1,
1406,1,1.0504150390625,8,8,1,
1407,1,0.9564883708953857,5,5,1,
1408,1,1.0226187705993652,3,3,1,
1409,1,0.9382731914520264,2,2,1,
1410,1,1.1535027027130127,3,0,0,
1411,1,1.1026129722595215,6,6,1,
1412,1,0.9383423328399658,9,9,1,
1413,1,1.0384163856506348,9,9,1,
1414,1,0.9799010753631592,7,7,1,
1415,1,0.9995565414428711,0,0,1,
1416,1,1.1829860210418701,5,5,1,
1417,1,1.0422072410583496,5,5,1,
1418,1,0.9190998077392578,4,4,1,
1419,1,1.1401820182800293,9,9,1,
1420,1,0.9947874546051025,6,6,1,
1421,1,0.9574403762817383,3,3,1,
1422,1,1.0855016708374023,0,0,1,
1423,1,1.0309698581695557,2,2,1,
1424,1,0.9139626026153564,1,1,1,
1425,1,1.0975520610809326,4,4,1,
1426,1,0.9889905452728271,2,2,1,
1427,1,1.0542569160461426,7,7,1,
1428,1,0.966477632522583,1,1,1,
1429,1,1.137667179107666,0,0,1,
1430,1,1.0535812377929688,9,9,1,
1431,1,1.0615103244781494,8,8,1,
1432,1,0.961967945098877,2,5,0,
1433,1,0.9823532104492188,9,9,1,
1434,1,1.1350781917572021,9,9,1,
1435,1,1.0538430213928223,9,9,1,
1436,1,1.0434057712554932,3,3,1,
1437,1,0.9744014739990234,9,9,1,
1438,1,1.0046863555908203,1,1,1,
1439,1,1.0437407493591309,6,6,1,
1440,1,1.0953385829925537,3,6,0,
1441,1,0.9757378101348877,4,4,1,
1442,1,1.0449113845825195,8,8,1,
1443,1,1.1366016864776611,5,5,1,
1444,1,0.986687421798706,1,1,1,
1445,1,1.0415244102478027,7,7,1,
1446,1,0.9528629779815674,5,5,1,
1447,1,1.0267133712768555,5,5,1,
1448,1,1.0905132293701172,6,6,1,
1449,1,1.026472568511963,8,8,1,
1450,1,1.0298683643341064,5,7,0,
1451,1,1.0479316711425781,1,1,1,
1452,1,1.0156230926513672,6,2,0,
1453,1,1.0163469314575195,3,5,0,
1454,1,1.0337073802947998,9,9,1,
1455,1,1.0001165866851807,6,6,1,
1456,1,0.9931390285491943,7,7,1,
1457,1,1.002232551574707,7,7,1,
1458,1,1.0222318172454834,3,3,1,
1459,1,1.0295395851135254,8,4,0,
1460,1,0.9846906661987305,3,3,1,
1461,1,1.1416316032409668,4,4,1,
1462,1,0.9659273624420166,5,5,1,
1463,1,1.1117982864379883,4,4,1,
1464,1,0.9975132942199707,6,6,1,
1465,1,1.0269451141357422,5,5,1,
1466,1,0.9910128116607666,3,3,1,
1467,1,1.0540263652801514,1,1,1,
1468,1,1.0595850944519043,9,9,1,
1469,1,0.9493865966796875,6,6,1,
1470,1,1.0372703075408936,7,7,1,
1471,1,1.0118017196655273,9,9,1,
1472,1,1.0416440963745117,4,2,0,
1473,1,0.9753742218017578,5,5,1,
1474,1,1.0536854267120361,4,4,1,
1475,1,1.058382272720337,5,1,0,
1476,1,0.9436674118041992,1,8,0,
1477,1,1.0732135772705078,5,5,1,
1478,1,0.9598050117492676,5,5,1,
1479,1,1.1272962093353271,4,7,0,
1480,1,0.975895881652832,1,1,1,
1481,1,1.0477864742279053,0,0,1,
1482,1,0.9879913330078125,4,4,1,
1483,1,1.007615089416504,1,1,1,
1484,1,0.9963383674621582,0,0,1,
1485,1,1.0123071670532227,5,2,0,
1486,1,0.9690611362457275,4,4,1,
1487,1,1.0480473041534424,1,1,1,
1488,1,1.0453355312347412,0,0,1,
1489,1,1.0555541515350342,3,3,1,
1490,1,0.9923202991485596,5,3,0,
1491,1,1.0064775943756104,5,5,1,
1492,1,0.9251835346221924,8,8,1,
1493,1,1.1099202632904053,7,7,1,
1494,1,0.9457080364227295,9,9,1,
1495,1,1.0910887718200684,1,1,1,
1496,1,0.9831469058990479,8,8,1,
1497,1,0.9960672855377197,0,4,0,
1498,1,1.1142961978912354,0,9,0,
1499,1,0.9466214179992676,2,4,0,
1500,1,0.9445607662200928,8,8,1,
1501,1,1.0723607540130615,6,3,0,
1502,1,1.033005952835083,7,7,1,
1503,1,1.039055347442627,4,3,0,
1504,1,0.9406867027282715,9,8,0,
1505,1,0.9309470653533936,0,0,1,
1506,1,1.1298503875732422,7,7,1,
1507,1,1.058717966079712,0,0,1,
1508,1,0.9790825843811035,9,9,1,
1509,1,1.0564239025115967,5,5,1,
1510,1,1.0368895530700684,4,4,1,
1511,1,0.9720580577850342,5,5,1,
1512,1,1.0317821502685547,6,6,1,
1513,1,1.0458903312683105,1,1,1,
1514,1,1.0566964149475098,9,9,1,
1515,1,1.0441758632659912,4,4,1,
1516,1,1.0323493480682373,5,5,1,
1517,1,1.046093225479126,1,1,1,
1518,1,1.058401346206665,2,9,0,
1519,1,1.0559959411621094,3,3,1,
1520,1,1.0395283699035645,1,1,1,
1521,1,0.9825522899627686,4,4,1,
1522,1,1.0496151447296143,5,0,0,
1523,1,1.0534029006958008,8,8,1,
1524,1,0.9729914665222168,8,0,0,
1525,1,1.1220829486846924,3,3,1,
1526,1,1.0017616748809814,6,6,1,
1527,1,1.0508239269256592,8,2,0,
1528,1,1.0131351947784424,7,7,1,
1529,1,1.0817968845367432,3,5,0,
1530,1,1.0294005870819092,4,4,1,
1531,1,1.0365791320800781,2,2,1,
1532,1,0.9522948265075684,9,9,1,
1533,1,0.9759624004364014,8,8,1,
1534,1,0.9849624633789062,9,9,1,
1535,1,1.1039929389953613,8,8,1,
1536,1,1.1355876922607422,6,6,1,
1537,1,0.9435853958129883,5,5,1,
1538,1,1.027287244796753,5,6,0,
1539,1,1.0581989288330078,2,2,1,
1540,1,1.0688130855560303,9,1,0,
1541,1,1.0496933460235596,9,9,1,
1542,1,1.115830898284912,1,1,1,
1543,1,0.9683303833007812,0,0,1,
1544,1,0.9996428489685059,5,5,1,
1545,1,1.0167796611785889,2,2,1,
1546,1,1.037334680557251,2,2,1,
1547,1,1.1558570861816406,7,7,1,
1548,1,0.9499390125274658,0,0,1,
1549,1,1.0637035369873047,5,7,0,
1550,1,1.040372371673584,5,5,1,
1551,1,1.060211181640625,8,0,0,
1552,1,0.9633610248565674,8,8,1,
1553,1,1.0384058952331543,9,9,1,
1554,1,1.022352695465088,8,8,1,
1555,1,0.99652099609375,7,7,1,
1556,1,0.9857392311096191,9,9,1,
1557,1,1.051588773727417,4,3,0,
1558,1,1.1286547183990479,0,8,0,
1559,1,1.065352201461792,4,4,1,
1560,1,1.1099865436553955,1,1,1,
1561,1,0.9901211261749268,8,0,0,
1562,1,1.033550500869751,6,6,1,
1563,1,0.9663698673248291,6,6,1,
1564,1,0.9460861682891846,0,0,1,
1565,1,0.987635612487793,6,6,1,
1566,1,1.0972490310668945,5,5,1,
1567,1,1.0481784343719482,3,3,1,
1568,1,1.012258529663086,1,1,1,
1569,1,1.100696325302124,0,1,0,
1570,1,0.9956951141357422,1,1,1,
1571,1,0.915442943572998,4,4,1,
1572,1,1.1143898963928223,5,4,0,
1573,1,1.0695219039916992,5,5,1,
1574,1,1.0328762531280518,2,2,1,
1575,1,0.9815206527709961,5,3,0,
1576,1,0.9575626850128174,5,6,0,
1577,1,0.9593565464019775,9,9,1,
1578,1,1.056835412979126,9,1,0,
1579,1,1.0469651222229004,9,0,0,
1580,1,0.9558002948760986,5,3,0,
1581,1,1.1420948505401611,4,4,1,
1582,1,0.9995212554931641,6,6,1,
1583,1,0.9526641368865967,8,8,1,
1584,1,1.0255234241485596,4,4,1,
1585,1,0.9938449859619141,7,7,1,
1586,1,1.0353565216064453,0,0,1,
1587,1,1.0391159057617188,4,2,0,
1588,1,1.0486881732940674,2,0,0,
1589,1,1.0522682666778564,9,9,1,
1590,1,1.0064048767089844,7,5,0,
1591,1,1.0324347019195557,8,8,1,
1592,1,0.9568183422088623,9,9,1,
1593,1,0.905646800994873,5,5,1,
1594,1,1.1211578845977783,0,0,1,
1595,1,1.0352351665496826,4,4,1,
1596,1,0.8967053890228271,9,1,0,
1597,1,1.0891523361206055,4,4,1,
1598,1,1.089895248413086,8,8,1,
1599,1,1.0680253505706787,5,5,1,
1600,1,1.0190401077270508,2,2,1,
1601,1,1.0710079669952393,8,8,1,
1602,1,0.9685201644897461,5,4,0,
1603,1,1.0865917205810547,7,7,1,
1604,1,0.9901762008666992,7,7,1,
1605,1,0.9977147579193115,7,5,0,
1606,1,1.0403919219970703,4,4,1,
1607,1,0.9888510704040527,8,8,1,
1608,1,0.964557409286499,5,5,1,
1609,1,1.0287861824035645,8,8,1,
1610,1,0.9944074153900146,5,3,0,
1611,1,1.0744507312774658,1,1,1,
1612,1,1.0527467727661133,4,4,1,
1613,1,1.0384206771850586,9,9,1,
1614,1,0.9475481510162354,6,6,1,
1615,1,1.015263319015503,6,6,1,
1616,1,1.088233232498169,9,1,0,
1617,1,0.9955699443817139,3,3,1,
1618,1,1.028411865234375,5,5,1,
1619,1,0.949122428894043,2,2,1,
1620,1,1.1071088314056396,5,5,1,
1621,1,0.9486792087554932,5,5,1,
1622,1,1.0447068214416504,2,2,1,
1623,1,0.8667445182800293,4,4,1,
1624,1,1.0165159702301025,7,7,1,
1625,1,1.0949819087982178,9,9,1,
1626,1,0.9806618690490723,1,1,1,
1627,1,1.041759967803955,2,2,1,
1628,1,1.0391275882720947,9,1,0,
1629,1,1.0478389263153076,9,9,1,
1630,1,1.0426175594329834,5,3,0,
1631,1,1.0188932418823242,2,2,1,
1632,1,1.0467288494110107,1,1,1,
1633,1,1.078617811203003,4,4,1,
1634,1,0.943291425704956,7,7,1,
1635,1,1.0270400047302246,0,2,0,
1636,1,1.0410621166229248,1,1,1,
1637,1,1.0616464614868164,0,0,1,
1638,1,1.0529673099517822,5,5,1,
1639,1,1.0202312469482422,1,1,1,
1640,1,1.018371343612671,5,5,1,
1641,1,0.9797725677490234,9,9,1,
1642,1,1.0371146202087402,4,4,1,
1643,1,1.031076431274414,7,7,1,
1644,1,1.153935194015503,4,4,1,
1645,1,0.9796109199523926,1,1,1,
1646,1,0.9550769329071045,7,7,1,
1647,1,1.171269178390503,0,0,1,
1648,1,1.0024380683898926,4,3,0,
1649,1,1.020738124847412,9,9,1,
1650,1,1.0959999561309814,8,8,1,
1651,1,1.155210018157959,9,9,1,
1652,1,1.0566141605377197,3,3,1,
1653,1,0.9924578666687012,5,5,1,
1654,1,1.0905768871307373,9,9,1,
1655,1,1.054410457611084,5,5,1,
1656,1,0.9607241153717041,1,1,1,
1657,1,1.0757064819335938,1,1,1,
1658,1,0.990933895111084,2,2,1,
1659,1,1.0477046966552734,5,5,1,
1660,1,0.9810726642608643,2,4,0,
1661,1,1.0425024032592773,9,9,1,
1662,1,1.035022258758545,2,2,1,
1663,1,1.0465331077575684,7,7,1,
1664,1,1.0286023616790771,9,9,1,
1665,1,1.1347222328186035,2,6,0,
1666,1,0.937443733215332,0,0,1,
1667,1,0.9714677333831787,0,0,1,
1668,1,1.0289969444274902,4,4,1,
1669,1,0.9956772327423096,9,7,0,
1670,1,1.1057095527648926,2,2,1,
1671,1,1.053976058959961,0,0,1,
1672,1,0.9520282745361328,6,6,1,
1673,1,1.0299477577209473,5,9,0,
1674,1,1.0087072849273682,5,3,0,
1675,1,1.1382906436920166,2,5,0,
1676,1,1.0599136352539062,4,4,1,
1677,1,1.042921781539917,4,4,1,
1678,1,0.9695441722869873,9,0,0,
1679,1,1.095557451248169,1,1,1,
1680,1,0.9966800212860107,4,4,1,
1681,1,1.0279507637023926,5,3,0,
1682,1,1.041788101196289,8,8,1,
1683,1,0.9064760208129883,1,1,1,
1684,1,1.0879929065704346,3,7,0,
1685,1,1.0457701683044434,8,8,1,
1686,1,0.985527515411377,5,5,1,
1687,1,1.1382336616516113,5,3,0,
1688,1,0.944617509841919,8,8,1,
1689,1,1.0639002323150635,8,8,1,
1690,1,0.9379794597625732,7,7,1,
1691,1,1.0344645977020264,4,4,1,
1692,1,0.9892878532409668,7,2,0,
1693,1,1.061272144317627,5,5,1,
1694,1,1.053433895111084,9,9,1,
1695,1,1.0282998085021973,2,2,1,
1696,1,1.1222784519195557,2,6,0,
1697,1,0.9641649723052979,1,1,1,
1698,1,0.9612846374511719,5,4,0,
1699,1,1.0849511623382568,5,3,0,
1700,1,0.9462082386016846,0,0,1,
1701,1,1.0442681312561035,8,8,1,
1702,1,0.9840514659881592,3,3,1,
1703,1,1.0435807704925537,0,0,1,
1704,1,1.028975009918213,0,0,1,
1705,1,1.034257411956787,2,2,1,
1706,1,1.145984172821045,5,5,1,
1707,1,1.0179786682128906,4,4,1,
1708,1,1.0372626781463623,4,4,1,
1709,1,1.007462978363037,8,8,1,
1710,1,1.038527250289917,4,4,1,
1711,1,0.9483480453491211,3,6,0,
1712,1,0.9868075847625732,0,0,1,
1713,1,0.9556658267974854,8,6,0,
1714,1,1.028317928314209,7,7,1,
1715,1,0.9807379245758057,3,3,1,
1716,1,1.099287986755371,8,8,1,
1717,1,1.0577387809753418,1,1,1,
1718,1,0.9644584655761719,3,3,1,
1719,1,1.0635764598846436,0,0,1,
1720,1,0.9571189880371094,4,4,1,
1721,1,1.0697500705718994,9,9,1,
1722,1,0.8981359004974365,9,9,1,
1723,1,1.0452895164489746,1,1,1,
1724,1,1.0418555736541748,0,0,1,
1725,1,1.053605556488037,7,7,1,
1726,1,1.0391576290130615,2,2,1,
1727,1,1.056643009185791,9,9,1,
1728,1,0.9705796241760254,4,4,1,
1729,1,1.0362749099731445,9,9,1,
1730,1,0.9423007965087891,5,2,0,
1731,1,1.0769641399383545,5,5,1,
1732,1,1.0451641082763672,6,6,1,
1733,1,0.9912617206573486,3,3,1,
1734,1,0.9583854675292969,5,4,0,
1735,1,1.126129150390625,8,8,1,
1736,1,1.0760626792907715,0,0,1,
1737,1,1.0489485263824463,7,7,1,
1738,1,1.0731279850006104,4,4,1,
1739,1,0.9028816223144531,5,3,0,
1740,1,0.9467730522155762,8,3,0,
1741,1,1.0478355884552002,5,5,1,
1742,1,1.0831174850463867,1,1,1,
1743,1,1.0328242778778076,8,8,1,
1744,1,1.0433192253112793,2,3,0,
1745,1,0.9808559417724609,0,0,1,
1746,1,0.9441819190979004,5,6,0,
1747,1,0.9869551658630371,6,6,1,
1748,1,0.937014102935791,1,1,1,
1749,1,1.061166763305664,9,0,0,
1750,1,1.1231002807617188,2,2,1,
1751,1,0.9772346019744873,6,2,0,
1752,1,1.0328700542449951,7,5,0,
1753,1,0.9810836315155029,3,2,0,
1754,1,1.0473549365997314,8,8,1,
1755,1,1.046400547027588,0,0,1,
1756,1,1.172269344329834,1,1,1,
1757,1,1.1538352966308594,2,2,1,
1758,1,0.9122772216796875,2,2,1,
1759,1,0.995654821395874,1,1,1,
1760,1,0.9655308723449707,8,8,1,
1761,1,1.031667947769165,9,9,1,
1762,1,0.9621932506561279,3,0,0,
1763,1,1.13987398147583,7,7,1,
1764,1,0.9945888519287109,7,7,1,
1765,1,1.093538522720337,8,8,1,
1766,1,1.096752405166626,8,8,1,
1767,1,1.032841444015503,3,7,0,
1768,1,0.9996273517608643,2,2,1,
1769,1,0.9771144390106201,3,3,1,
1770,1,1.0339810848236084,2,2,1,
1771,1,1.07704758644104,9,9,1,
1772,1,1.0011909008026123,9,9,1,
1773,1,1.1009447574615479,7,4,0,
1774,1,0.9941854476928711,7,7,1,
1775,1,0.9957077503204346,9,9,1,
1776,1,1.172506332397461,9,9,1,
1777,1,0.910712718963623,6,6,1,
1778,1,1.0749473571777344,3,3,1,
1779,1,1.0307707786560059,4,4,1,
1780,1,0.9473288059234619,4,4,1,
1781,1,1.0932121276855469,8,8,1,
1782,1,0.9807605743408203,6,6,1,
1783,1,1.0554893016815186,5,5,1,
1784,1,1.1100263595581055,5,5,1,
1785,1,1.0019009113311768,8,8,1,
1786,1,0.9956462383270264,0,6,0,
1787,1,1.068880319595337,5,6,0,
1788,1,1.0546417236328125,2,2,1,
1789,1,1.0459601879119873,3,2,0,
1790,1,1.0546271800994873,4,6,0,
1791,1,1.0961105823516846,6,6,1,
1792,1,0.947805643081665,0,1,0,
1793,1,0.9987342357635498,3,3,1,
1794,1,1.0370559692382812,7,7,1,
1795,1,1.087552547454834,7,7,1,
1796,1,1.092195987701416,3,3,1,
1797,1,1.0592427253723145,2,2,1,
1798,1,1.0010261535644531,2,4,0,
1799,1,0.9561216831207275,1,1,1,
1800,1,1.1011590957641602,9,9,1,
1801,1,1.106027364730835,1,1,1,
1802,1,0.9197032451629639,9,9,1,
1803,1,0.9793343544006348,3,3,1,
1804,1,1.041752576828003,5,3,0,
1805,1,0.9270808696746826,4,4,1,
1806,1,1.0036900043487549,2,3,0,
1807,1,1.0565431118011475,4,4,1,
1808,1,1.0430774688720703,0,0,1,
1809,1,1.0676934719085693,6,6,1,
1810,1,0.9584836959838867,2,3,0,
1811,1,0.9939126968383789,7,7,1,
1812,1,1.0811660289764404,5,3,0,
1813,1,0.9554400444030762,5,6,0,
1814,1,1.0392770767211914,9,9,1,
1815,1,1.1334354877471924,7,7,1,
1816,1,0.9362292289733887,8,8,1,
1817,1,1.0462262630462646,7,3,0,
1818,1,1.0134894847869873,9,9,1,
1819,1,1.037700891494751,9,9,1,
1820,1,0.9549055099487305,6,6,1,
1821,1,1.133246660232544,8,2,0,
1822,1,0.9460546970367432,1,9,0,
1823,1,1.040546178817749,8,0,0,
1824,1,0.9977741241455078,5,6,0,
1825,1,1.0516300201416016,1,1,1,
1826,1,1.0121736526489258,4,4,1,
1827,1,1.0588645935058594,0,0,1,
1828,1,0.9747686386108398,3,3,1,
1829,1,1.0607004165649414,8,8,1,
1830,1,0.9509854316711426,8,8,1,
1831,1,1.1362814903259277,7,7,1,
1832,1,0.9495236873626709,6,6,1,
1833,1,1.0059316158294678,8,0,0,
1834,1,0.9890036582946777,7,7,1,
1835,1,1.0416333675384521,4,4,1,
1836,1,1.0336756706237793,9,9,1,
1837,1,1.0458612442016602,2,2,1,
1838,1,0.9949243068695068,2,2,1,
1839,1,1.058774471282959,5,4,0,
1840,1,1.0266759395599365,8,8,1,
1841,1,0.9688527584075928,1,1,1,
1842,1,1.0332365036010742,3,3,1,
1843,1,1.1872539520263672,0,0,1,
1844,1,1.0473015308380127,0,0,1,
1845,1,1.0518865585327148,5,5,1,
1846,1,0.964076042175293,9,9,1,
1847,1,1.04087495803833,8,8,1,
1848,1,0.977780818939209,9,9,1,
1849,1,1.1059315204620361,8,8,1,
1850,1,1.0102465152740479,1,1,1,
1851,1,1.0251131057739258,5,5,1,
1852,1,1.0122804641723633,3,3,1,
1853,1,0.9536025524139404,5,6,0,
1854,1,1.0736253261566162,4,4,1,
1855,1,1.0856881141662598,8,8,1,
1856,1,0.9599778652191162,1,9,0,
1857,1,1.0182158946990967,5,5,1,
1858,1,1.0011532306671143,8,8,1,
1859,1,1.1402318477630615,6,6,1,
1860,1,0.9510695934295654,8,8,1,
1861,1,1.047147512435913,1,1,1,
1862,1,1.0411829948425293,9,0,0,
1863,1,1.0463261604309082,1,1,1,
1864,1,1.034172534942627,0,0,1,
1865,1,0.9584033489227295,2,2,1,
1866,1,0.9901695251464844,5,5,1,
1867,1,1.0530481338500977,4,4,1,
1868,1,1.028961420059204,7,7,1,
1869,1,0.9728851318359375,5,5,1,
1870,1,0.988616943359375,1,1,1,
1871,1,1.1252410411834717,9,9,1,
1872,1,1.0568726062774658,3,3,1,
1873,1,0.9816720485687256,4,4,1,
1874,1,0.9475522041320801,7,7,1,
1875,1,1.0501244068145752,2,2,1,
1876,1,0.9781897068023682,5,5,1,
1877,1,1.0988743305206299,2,2,1,
1878,1,0.9887731075286865,6,6,1,
1879,1,1.1134233474731445,5,5,1,
1880,1,1.0497701168060303,5,5,1,
1881,1,1.0361237525939941,2,2,1,
1882,1,1.062788963317871,3,3,1,
1883,1,0.9747748374938965,5,5,1,
1884,1,1.0337610244750977,9,9,1,
1885,1,0.9914717674255371,6,3,0,
1886,1,1.115778923034668,6,6,1,
1887,1,1.1369836330413818,4,4,1,
1888,1,0.9541294574737549,8,8,1,
1889,1,1.0387601852416992,1,1,1,
1890,1,1.1179382801055908,7,7,1,
1891,1,1.0416088104248047,5,7,0,
1892,1,1.0448598861694336,3,7,0,
1893,1,1.044921636581421,2,2,1,
1894,1,1.037973403930664,7,7,1,
1895,1,0.969304084777832,6,6,1,
1896,1,1.111604928970337,3,3,1,
1897,1,0.9908475875854492,1,1,1,
1898,1,1.0255038738250732,7,7,1,
1899,1,0.9457898139953613,0,0,1,
1900,1,1.0739233493804932,5,5,1,
1901,1,1.061310052871704,2,3,0,
1902,1,1.0332415103912354,3,3,1,
1903,1,1.0240569114685059,4,4,1,
1904,1,1.028372049331665,0,0,1,
1905,1,1.051635503768921,3,3,1,
1906,1,1.0319135189056396,3,2,0,
1907,1,1.0552937984466553,1,1,1,
1908,1,1.1309177875518799,5,5,1,
1909,1,0.9849920272827148,4,4,1,
1910,1,1.0321171283721924,3,3,1,
1911,1,1.0501947402954102,4,4,1,
1912,1,1.0432522296905518,5,3,0,
1913,1,1.060577630996704,0,9,0,
1914,1,0.9383852481842041,9,1,0,
1915,1,1.0112416744232178,5,5,1,
1916,1,0.9926795959472656,4,4,1,
1917,1,1.049307107925415,5,5,1,
1918,1,1.1060924530029297,1,1,1,
1919,1,1.0810949802398682,5,5,1,
1920,1,0.9831600189208984,5,5,1,
1921,1,1.0482032299041748,5,6,0,
1922,1,0.9661390781402588,3,3,1,
1923,1,1.0334675312042236,8,8,1,
1924,1,0.9865248203277588,9,9,1,
1925,1,1.040910243988037,1,1,1,
1926,1,1.0339481830596924,6,6,1,
1927,1,1.0947530269622803,6,6,1,
1928,1,0.9439940452575684,8,8,1,
1929,1,0.9991786479949951,9,9,1,
1930,1,0.9777302742004395,5,5,1,
1931,1,1.053905725479126,7,7,1,
1932,1,1.027921199798584,9,1,0,
1933,1,1.0809123516082764,7,7,1,
1934,1,1.0737707614898682,4,4,1,
1935,1,0.9936180114746094,8,8,1,
1936,1,1.0364246368408203,5,5,1,
1937,1,1.068467140197754,7,7,1,
1938,1,0.9386515617370605,4,4,1,
1939,1,1.0418307781219482,3,3,1,
1940,1,1.066420316696167,2,2,1,
1941,1,1.1052772998809814,4,4,1,
1942,1,1.0862274169921875,5,3,0,
1943,1,1.0433149337768555,4,4,1,
1944,1,0.9675953388214111,3,3,1,
1945,1,0.9944131374359131,2,2,1,
1946,1,1.1241724491119385,7,7,1,
1947,1,1.0330820083618164,9,9,1,
1948,1,1.0366837978363037,0,8,0,
1949,1,0.9570341110229492,9,9,1,
1950,1,1.0062706470489502,4,4,1,
1951,1,0.9969208240509033,7,2,0,
1952,1,1.1203324794769287,4,4,1,
1953,1,0.9759097099304199,2,2,1,
1954,1,1.0010490417480469,2,2,1,
1955,1,1.045886516571045,1,1,1,
1956,1,1.0134215354919434,1,1,1,
1957,1,0.9620747566223145,8,8,1,
1958,1,0.9913299083709717,0,0,1,
1959,1,1.0412702560424805,6,6,1,
1960,1,0.9438307285308838,9,9,1,
1961,1,1.088496208190918,2,2,1,
1962,1,0.9515244960784912,9,9,1,
1963,1,1.0543887615203857,2,2,1,
1964,1,0.9531824588775635,6,6,1,
1965,1,1.1347551345825195,8,8,1,
1966,1,0.9216921329498291,3,3,1,
1967,1,1.0195541381835938,8,8,1,
1968,1,1.0154101848602295,6,6,1,
1969,1,1.0164070129394531,2,2,1,
1970,1,0.9619271755218506,5,5,1,
1971,1,1.0648584365844727,9,1,0,
1972,1,1.0336463451385498,3,3,1,
1973,1,1.054779291152954,5,5,1,
1974,1,0.9602789878845215,0,0,1,
1975,1,1.0666985511779785,9,9,1,
1976,1,0.9582769870758057,9,9,1,
1977,1,1.0536596775054932,2,2,1,
1978,1,1.0424363613128662,9,9,1,
1979,1,0.9982707500457764,0,0,1,
1980,1,0.9295814037322998,4,4,1,
1981,1,1.0472559928894043,3,3,1,
1982,1,0.8938348293304443,9,9,1,
1983,1,1.044851541519165,9,9,1,
1984,1,1.037792682647705,6,6,1,
1985,1,1.125762701034546,7,7,1,
1986,1,1.0549077987670898,1,1,1,
1987,1,1.0400798320770264,3,6,0,
1988,1,1.0903961658477783,9,1,0,
1989,1,0.9113328456878662,8,8,1,
1990,1,0.9472241401672363,3,3,1,
1991,1,1.0582528114318848,5,5,1,
1992,1,1.0194098949432373,0,0,1,
1993,1,0.9917125701904297,6,6,1,
1994,1,1.0994436740875244,8,8,1,
1995,1,1.1429142951965332,8,8,1,
1996,1,1.0228919982910156,6,6,1,
1997,1,1.029120922088623,3,3,1,
1998,1,1.015742540359497,3,3,1,
1999,1,0.9695155620574951,4,4,1,
